{
  "project_info": {
    "project_number": "734205610132",
    "project_id": "attendance-dfb59",
    "storage_bucket": "attendance-dfb59.appspot.com"
  },
  "client": [
    {
      "client_info": {
        "mobilesdk_app_id": "1:734205610132:android:b5d890977db38a68aa4c81",
        "android_client_info": {
          "package_name": "com.mv.attendance"
        }
      },
      "oauth_client": [
        {
          "client_id": "734205610132-ri4qiil9augrvgl83fit94b4ciqjj4dl.apps.googleusercontent.com",
          "client_type": 3
        }
      ],
      "api_key": [
        {
          "current_key": "AIzaSyCnX571-dzzHyqzDnmeXAsGZpxbrinOmPA"
        }
      ],
      "services": {
        "appinvite_service": {
          "other_platform_oauth_client": [
            {
              "client_id": "734205610132-ri4qiil9augrvgl83fit94b4ciqjj4dl.apps.googleusercontent.com",
              "client_type": 3
            }
          ]
        }
      }
    }
  ],
  "configuration_version": "1"
}